image,caption,status
00.jpg,black woman in white blouse with brown bag is sitting on a couch,0
007.jpg,man in black shirt is staring,0
123canwe.jpg,white man with black long hair and beard in a black checkered shirt and in blue jeans and red cap sitting on a sofa,0
123WILFREDO.jpg,man with black hair in shades in a green shirt wearing a vest in front of a rock,0
1Carloss.jpg,man in white shirt is holding a trophy and sitting in front of the TV,0
Aaron2022.jpg,Asian man in blue shirt and blazer is standing infront of a crowd,0
aarthur2.jpg,black woman with brown hair and red shirt is smiling happily,0
Abou.jpg,man with black hair and black beard in a blue tight short sleeve shirt with long pants and a belt in front of a building,0
AdamsHeart432.jpg,man with a grey outerjacket and brown shirt caught a fish with his hand and smiling at the camera by the sea,1
AdamsHeart434.jpg,man in very short hair in a red checkered flannel and black shirt holding a puppy in his left arm,1
Agatha123.jpg,asian lady with long hair strong brows wearing earring in a sleeveless top,0
Airik.jpg,whte balding man in glasses with beard and moustache in a black t-shirt in his living room,0
Alexmmar.jpg,man with black hair clean face in a white shirt with blue checkered design sitting in a office,0
ALMI.jpg,woman with black shirt in front of a red wall,0
Aloap.jpg,woman with white shirt and brown hair looking into the camera,0
alonemigcute.jpg,man in blue shirt and sunglasses posing in front of a building,0
alonso198611.jpg,man in black shirt wearing a black cap,0
Alonsocoronel94.jpg,man in black jacket sitting in a car,0
ALRIJUL.jpg,man in yellow shirt with green cap in front of a tree,0
Alsino69.jpg,man in blue shirt sitting in a car,0
Altary1.jpg,man in black jacket with black cap,0
Altico39.jpg,man in purple shirt holding a cup,0
Alturo.jpg,man in orange shirt posing for the camera,0
Aluna.jpg,woman in pink shirt sitting in front of plants,0
alva30.jpg,man frowning in front of swimming pool,0
Alvaro_merrs.jpg,man in black hoodie wearing spectacles,0
Alvaro12.jpg,man in white shirt looking into the camera,0
Alvaro1983.jpg,man standing in front of a door,0
Alveadomingo71.jpg,woman in purple dress posing for the camera,0
Alxflrs.jpg,woman in uniform looking into the camera,0
Am4791.jpg,man in white shirt and grey cap wearing sunglasses,0
Amahia.jpg,woman in blonde hair touching her chin,0
amaliadiazz.jpg,woman in pink shirt holding a phone,0
aman1292kr.jpg,man in blue jacket in front of mountains,0
amanda1.jpg,woman in black shirt is smiling,0
Amando90.jpg,man in grey shirt looking into the camera,0
Amante.jpg,man in army shirt is frowning,0
Amarilys.jpg,woman in black shirt is smiling,0
Amazeme.jpg,woman in balck shirt looking into the camera,0
Amirah2.jpg,lady with long brown hair red lips and a choker standing at a vantage point,1
Amirah4.jpg,lady with long borwn hair red cheeks and red lips with a beige scarf around her neck in a black shirt,1
andysexy1.jpg,white woman brown long hair and grey eyes nude lips smiling,1
Bailsein1.jpg,white man with grey hair in black shirt smiling,1
Barbiebunch1962.jpg,white man with grey hair in orange polo shirt standing in front an art piece,0
Barret.jpg,man in yellow shirt is wearing a red cap and sunglasses,0
Bart0607.jpg,man in white shirt is streching,0
Barthelmy.jpg,woman in white dress has flowers in her hair,0
Bartu.jpg,man in white shirt is smiling ,0
Basalga.jpg,man in white shirt and singlet is wearing a beanie and sunglasses near a pond,0
Bash.jpg,bald man in blue shirt,0
Bassclef.jpg,man is using an iPad,0
Bassman87.jpg,man with beard is smiling,0
Bb1234.jpg,man is in front of a yellow background ,0
Bbbb.jpg,woman with short black hair and glasses,0
Beachbum.jpg,woman with short blonde hair and black shirt,0
Beatnic.jpg,bald man in brown jacket is smiling  ,0
Beatriceve.jpg,woman with blonde hair is looking into the camera,0
Beatriizvegas.jpg,woman in purple short and black hair is smiling ,0
Beatriz77.jpg,woman in blue shirt and blue necklace is smiling ,0
Beatriz9801.jpg,woman with black hair and black dress is smiling ,0
BeatW.jpg,bald old man in white shirt is smiling,0
Bebert047.jpg,man in blue shirt has a camera on his neck ,0
Beerkie21.jpg,man with beard is angry,0
Belche.jpg,woman is smiling next to a dolphin,0
Belen2022.jpg,woman in blue shirt is blowing a kiss,0
Belgica.jpg,woman with blonde hair and pink shirt is at the desert,0
Belkita1971.jpg,woman with black hair and yellow shirt is smiling ,0
Bella0712.jpg,woman with curly hair and blue shirt is looking behind ,0
Bellanca.jpg,woman in white hijab is smiling ,0
bigsweetiepie.jpg,man with white hair and white beard with glasses on in a white shirt standing in front of white wall,0
Boineelo1983.jpg,black lady in a black tube top and black outerwear standing infront of an art wall.,0
bradt1.jpg,man in black shirt and white hair is smiling,1
bradt2.jpg,man in suit in front of buildings,1
bradt3.jpg,man in white shirt looking into the camera,1
bradyw1.jpg,man in black cap looking into the camera,1
bradyw2.jpg,two men in uniform posing for the camera,1
braidrose1.jpg,woman with black shirt and long hair looking into the camera,1
braingarfield1.jpg,white man with blonde hair in military uniform standing in the living room,1
braingarfield3.jpg,white man with military bucket hat in military uniform standing on training ground,1
brandy3331.jpg,woman in pink shirt with blonde hair looking into the camera,1
brandy3332.jpg,woman in black shirt with headband and blonde hair posing for the camera,1
branham501.jpg,man in checkered suit with grey hair is smiling,1
branham502.jpg,man in black suit with grey hair is looking into the camera,1
branham503.jpg,man in blue shirt is looking into the camera,1
Braveheart991.jpg,man in white shirt is frowning,1
brendababe1.jpg,woman with blonde hair is smiling,1
Brendabi1.jpg,woman with red shirt and brown hair is looking into the camera,1
Brendabi2.jpg,woman with black hair is smiling ,1
Brendabi3.jpg,woman with red hat and black shirt at the beach ,1
Brendabi4.jpg,woman in white shirt and brown hair posing for the camera,1
Brendabi5.jpg,woman in black shirt in front of a tv screen,1
brendstephen1151.jpg,woman in white shirt with black hair posing for the camera,1
brentpaul011.jpg,man in black shirt with a child in red shirt,1
brentpaul012.jpg,man in suit in front of buildings,1
brettmicheal1.jpg,man in black shirt and cap is frowning,1
brettmicheal2.jpg,man in black jacket with boy in red jacket posing for the camera,1
brettmicheal3.jpg,man in black shirt posing for the camera,1
brettmicheal4.jpg,man in yellow short and cap is frowning,1
brettmicheal5.jpg,man in black shirt drinking from a cup,1
brighithariana.jpg,lady with long black hair and a hairband in a white polka dotted sleeveless top in a lift,0
brucep1.jpg,white man with sparse beard in a long sleeve t shirt and a chihuahua sitting on the lap,1
brucep4.jpg,white man in a trench coat in a public and crowded place in front of a fountain,1
Caar2020.jpg,man in black t shirt and sunglasses in a car,0
caballerogt.jpg,white man in striped polo shirt and suit blazer ,0
Caballerooo.jpg,white man in blue polo shirt with black sunglasses,0
Cacao.jpg,black woman in flowery blouse lookiing downward,0
Cachorro29.jpg,man with chin strap style beard and in red t shirt,0
cactuspear.jpg,man with grey hair topless with a blue parrot on his shoulder smiling at the camera,0
cactuspear.jpg,man with gray hair and goes topless,0
CaeciliusIII.jpg,black man with red t shirt and black shorts on a treadmill,0
Cain817.jpg,man with van dyke beard and sunglasses and in blue t shirt,0
Caliche2589.jpg,head of man leaning on head cushion,0
Calico.jpg,man in red polo shirt and black jacket,0
Calidoso.jpg,man in black striped polo shirt and black pants in a car,0
califa.jpg,man in red polo shirt,0
Calincho1.jpg,man with blue t shirt resting his head on orange pillow,0
Calixto.jpg,man with maroon jacket sitting in front of bookshelf,0
Calixto68.jpg,man with orange bandana and white uniform,0
Callia.jpg,woman with black blouse smiling,0
Camaleon.jpg,man with stubble beard and in black jacket and blue sweater smiling,0
CAMALEON36.jpg,man in blue checkered shirt and blue sleeveless down jacket smiling,0
camarogirl.jpg,woman in grey shirt and shoulder-length black hair,0
Cami1990.jpg,man in black t shirt and grey army print pants leaning on a motorcycle,0
Camicava90.jpg,man in printed t shirt rest his elbow on armrest,0
camila231.jpg,woman with glasses and in cyan blouse,0
Camilaura12.jpg,purple woman with black tank top and glasses,0
Camilo86.jpg,topless man,0
CamiloBran.jpg,man in white shirt and beard,0
camilodiaz3.jpg,man in black leather jacket ,0
Camiloobnd.jpg,man in blue windbreaker and glasses,0
Camilosandoval87.jpg,man with grey cap and glasses in blue t shirt in a playground,0
CampeonK.jpg,topless man with baseball cap and sunglasses on his head,0
Camy11021980.jpg,woman in cross pendant and black printed t shirt,0
Carinaugly.jpg,asian lady with blonde hair in a white fitting turtleneck long sleeve dress holding on a brown jacket and her phone in an art exhibition,0
charlesgary1.jpg,bald white man in a black blazer white button up and black tie smiling at the camera,1
clara4u1.jpg,woman in a black fitting top and shorts standing in front of her house looking at a patch of green grass,1
Crissy28.jpg,asian lady with long brown hair wearing a silver wrist watch sitting at a dining table,0
danbonito1.jpg,white man short brown hair with a beard in a blueish white button up in front of yellow wall,1
danbonito3.jpg,white man with black short hair with a beard in a black blazer and white button up,1
Dawnbreak75.jpg,lady in short bob black hair wearing glasses in a navy purple v neck dress smiling,0
derick john1.jpg,white man in a black shirt wearing a silver watch with a hand at the back of his head,1
derick john1.jpg,man with big forehead grey hair smiling at the camera in a black shirt and a metal wrist watch on his hand,1
edwin1.jpg,white man with beard and blue shirt,1
edwin2.jpg,white man with beard and green shirt in car,1
edyreal1.jpg,white man with sunglasses and grey shirt,1
Egon2271.jpg,white man with glasses and black shirt,1
eileenkes1.jpg,woman with black long hair and pink dress at park,1
Ekaterina8781.jpg,woman with tied up hair and white top,1
ekiella2.jpg,brown woman with short red hair and leopard top,1
Elena98759702.jpg,woman with blonde hair and white hat smilling,1
elidecharles1.jpg,black man with glasses in suit and bow tie,1
elisa1231.jpg,white woman in grey hair smilling,1
Elisiobenny2.jpg,black woman with long black hair and blue top,1
elizabethassin6.jpg,"woman with blonde hair, black shirt smilling in city",1
Elkinsjames1022.jpg,man with white shirt and glasses smilling with man in pink shirt and blonde hair,1
ellamathew121.jpg,woman in orange hair and green top smilling,1
eloi3321.jpg,asian woman in yellow shirt and hat smilling,1
Elvis3371.jpg,white man in blue collared shirt,1
elvismicheal1.jpg,white man with blonde hair and collared shirt,1
emily0011.jpg,white woman with blonde hair smilling,1
Emilyhann201.jpg,woman with black long hair in car,1
emmadammy2.jpg,white man with glasses and plaid shirt,1
emontago1.jpg,white man with sunglasses and headphones,1
endlesslove1.jpg,woman in tied hair infront smilling infront of computer,1
eng.marcossstones1.jpg,white man in uniform,1
Enna5461.jpg,woman in black hair and purple dress with flowers,1
eric201.jpg,man in red shirt with smilling with dogs,1
Exteriormind1.jpg,woman in a grey bodycon dress with big chest leaning on the kitchen island,1
fabianty601.jpg,man in suit in front of a cabinet,1
fabianty602.jpg,young girl kissing a smiling man,1
fabianty603.jpg,man in black shirt holding a cup,1
faida1211.jpg,black woman smiling,1
faith09891.jpg,woman in blue dress smiling,1
faith09892.jpg,woman in red top smiling,1
faith1231.jpg,woman with purple cap smiling,1
faith1232.jpg,woman in black hoodie standing by a car,1
faith1233.jpg,woman in black polo shirt with left hand tucked between right arm,1
faith1234.jpg,woman in white shirt smiling,1
faith3651.jpg,woman with long hair and sunglasses,1
faithattah1.jpg,woman in beige shirt and scarf tied around her neck smiling,1
faithbaby721.jpg,woman with long hair and in black dress,1
faithwilton1.jpg,woman in yellow dress holding Cross pendant in her hand,1
famattababy1.jpg,woman in pink crop tube smiling,1
fantaali1001.jpg,black woman with long hair and in white dress smiling,1
fantababie1.jpg,black woman in orange top,1
farida50601.jpg,woman in black printed t shirt and white pants squatting,1
Farmerboy361.jpg,man in white shirt and red tie standing with left hand in pocket,1
Farmerboy362.jpg,man in suit looking at his watch,1
Farmerboy363.jpg,man in t shirt and blue shorts on bicycle ,1
fatash20801.jpg,woman with black hair smiling,1
fatash20802.jpg,woman in blue t shirt,1
fatima1.jpg,woman with brown curly hair and in pink camisole,1
fatimamaat191.jpg,woman in white dress with red sleeve walking,1
fatimamylove1.jpg,woman in dress with bubble sleeve,1
fatimamylove2.jpg,black woman in pink and white dress,1
fatimamylove221.jpg,black woman in pink and white dress,1
fatimamylove222.jpg,woman in black top with hoop earrings,1
faulkner1111.jpg,white man with white hair in black polo shirt standing infront of window,1
faulkner1113.jpg,white man with white hair in camouflage shirt,1
faulkner1115.jpg,white man with moustache in black stripped polo t shirt smiling,1
faulkner1116.jpg,white man with white hair in red strip polo shirt in an office with a man in the background,1
faulkner1119.jpg,white muscular man with shade on the hair in a brown shirt with a black backpack,1
Gerhard11051.jpg,white man with little hair with glasses in a black button up smiling at the camera in an airplane,1
Gravil1.jpg,white man with white hair and glasses in a white shirt and a red tie smiling at the camera,1
Gravil4.jpg,white man with white hair in glasses in a pink polo shirt smiling at the camera,1
Halden1.jpg,man in suit in front of plant,1
Handbachelor1011.jpg,man in orange shirt drinking wine ,1
Hannah20191.jpg,woman in graduation gown,1
Hannoliver1.jpg,man in navy uniform smiling,1
Harris06281.jpg,man in blue shirt looking into the camera,1
Harrison Mark1.jpg,man in white shirt is sitting on the couch ,1
Harrison Mark2.jpg,man in green shirt is sitting on the couch,1
Harrison071.jpg,man is holding flowers and is standing in front of paintings,1
Harrison072.jpg,man in blue shirt and suit is standing in front of a building ,1
Harry2121.jpg,bald man in red shirt,1
Harry291.jpg,man in blue shirt and glasses is touching a tree,1
Harry292.jpg,man in grey shirt and glasses is smiling,1
Harry293.jpg,man is wearing a coat and black hat ,1
Harrychang1.jpg,man in grey shirt is sitting and smiling,1
Harrychang2.jpg,man in white shirt is smiling ,1
Harryperciseekluv1.jpg,man in green shirt and shorts is smiling ,1
Harryperciseekluv2.jpg,man in blue shirt is smiling ,1
Harryperciseekluv3.jpg,man in white shirt is at the beach ,1
Harryperciseekluv4.jpg,shirtless man is standing in the sea,1
Harrysails1.jpg,man in brown suit is smiling ,1
Harryson551.jpg,man is blue shirt is standing next to a green frog mascot ,1
Hawkey711.jpg,man in military uniform and sunglasses is smiling ,1
Hawkey712.jpg,man in military uniform is lifting weights,1
Heartseeker1.jpg,man in white shirt is sleeping,1
Heartseeker2.jpg,man is wearing a hat and sunglasses,1
hoonreboot.jpg,asian balding man with little black hair,0
ISHIRE.jpg,man in a white cap grey outer jacket with a white shirt standing in front of a bridge with a people in the background,0
Jackielove360.jpg,lady with brown long hair topkess in the bedroom under low light,0
Jacques777.jpg,white balding man with light brown hair in a white polo shirt standing in front of the building with a tree in the background,0
jamesdavid1.jpg,close up shot of white man in brown jacket standing in front of the US flag with a smile,1
Jchavez.jpg,man with black hair in black shades in a black shirt with white strips wearing a cross necklace holding a beer in a restaurant,0
Jeff1970.jpg,white man with brown hair in a black top,0
jeffery1011.jpg,man in a black shirt with a necklace standing in bedroom with a boy wearing denim jacket and black shirt,1
Jehovah32.jpg,no profile image,0
jereo_cheerio08.jpg,white man with black spikey hair and strong brows with little moustache smiling,0
Jhjh281.jpg,white hair white man in a black blazer and white button up wearing specs,1
johnjerry1.jpg,white man with blonde hair in a grey blazer white shirt and red tie smiling at the camera,1
johnjerry2.jpg,white man with brown hair in a grey blazer grey pants white shirt and red and blue striped tie standing infront of an event backdrop,1
JohnnyJazz118.jpg,balded man sitting on a chair in a blue suit with white strips looking at the camera,0
Johnsmithheart.jpg,no profile image,0
jose1970.jpg,no profile image,0
JoshuaStraus1.jpg,white muscular man sitting on the sofa with a black sword on the lap,1
karoline011.jpg,old lady with white hair in a red top standing in the kitchen cooking,1
Keimyntruth.jpg,black lady with long black hair in a yellow shirt in a car,0
kellybos2471.jpg,woman with blonde hair pink lips in a white top and gold necklace smiling at the camera,1
keneth1.jpg,balding man in blue button up and a wireless earpiece,1
kevinflore10.jpg,white man in a beanie with strong bros and strong beard in a black t shirt in a black puffer coat in a bus,0
Kyraselene.jpg,white lady with brown long hair in a pink tank top in room with art in the background,0
Lawson3524.jpg,white man in a black cap and a dark grey shirt sitting on a sofa at home,0
Lazzie24.jpg,man in a shirt with stripped tie wearing glasses in a shoe store,0
LovefromAmerica.jpg,white man in a black polo shirt,0
lovesweet.jpg,white lady with light brown hair with glasses wearing a grey top with strips at home,0
luckyduck123.jpg,no profile image,0
Lynndamron34.jpg,lady with black long hair in a black beanie and a black polo top with black eye liner on a sofa,0
Macadoo.jpg,no profile image,0
Mannny7.jpg,white man with black hair in a grey polo with sunglasses hang on shirt standing in front of the door smiling,0
mara63.jpg,woman in black shirt and blue pants is raising her hands and standing infront of a lake,0
Marc76.jpg,man in blue shirt and white pants is wearing sunglasses and standing beside flowers,0
Marcele.jpg,tan lady with white hair in a sleeveless black dress with a long necklace standing in front of a decoration,0
Martina52.jpg,woman in blue hat and white blouse is smiling happily into the camera,0
may1996.jpg,man in maroon suit and a beard is looking into the camera,0
MAYKEL2222.jpg,man in blue shirt and goatee is looking into the camera,0
Mew.jpg,lady with thick black short bob hair with red lipstick in a black top smiling,0
mexazteca79.jpg,man in white jacket and black hat is looking into the camera,0
Micco19931.jpg,man in blue shirt and glasses is looking into the camera,1
Micco19934.jpg,man in army uniform is looking into the camera,1
Micco19935.jpg,man in army uniform and glasses is looking into the camera,1
Michael1.jpg,man in checkered shirt and a beard is folding his arms and smiling happily,1
Michael1471.jpg,man in yellow shirt is standing by the beach and smiling happily,1
Michael2.jpg,man with moustache is looking into the camera,1
michael221.jpg,man in military uniform is standing infront of a flag,1
Michael7.jpg,balding man in white shirt and grey blazer with beige pants sitting on a chair with a hand on the shoulder in front of a blue bin in public,0
michaelbadmus1.jpg,man in checkered shirt is looking into the camera,1
michbruice601.jpg,man in pink shirt is crossing his arms and smiling happily into the camera,1
michealneedslove1.jpg,man in white shirt and glasses is standing infront of a lawn,1
MichHen1.jpg,man in black jacket is standing infront of a builiding,1
MichMAP.jpg,black lady with thick black short hair in a red top with a wine on a white table in a restaurant,0
migelange.jpg,man in blue jacket and sunglasses is looking into the camera,0
Miguelan.jpg,man in blue checkered shirt smiling,0
migueltecnicotv.jpg,man in black shirt is looking into the camera,0
Mike10thick.jpg,man wearing black cap with red design with a beard and strong eyebrow in a black shirt with tattoo on the left hand,0
mikezar99.jpg,man in black jacket and black hat is looking into the camera,0
Millermil.jpg,man in white shirt and sunglasses is standing infront of a tree,0
millershope.jpg,man in blue shirt is standing by a lake,0
Milli61291.jpg,woman in white shirt is smiling happily into the camera,0
Mily43.jpg,man in red shirt and red hat is looking into the camera,0
Mony277.jpg,woman with brown long hair in a red shirt and a black blazer with red lipstick,0
Morenaso.jpg,bald man with strong brows in a burgendy shirt in a red room,0
mosa.jpg,lady with long brown hair with blue denim shirt in a park on the bench,0
MosheB.jpg,white man in a hat with white thick beard in a purple polo and white inner wear in front of 2 paintings,0
Mred1970.jpg,white man in grey hair and grey beard in a black t shirt and black hoodie in front of a building,0
MykleMatwaya.jpg,man with slick black hair strong brows and moustache in a black t shirt with a bedroom in the background,0
myline_muskin.jpg,asian man with black hair in glasses in a grey t shirt on a bed in a room,0
nabelis1.jpg,woman with brown long hair ina black t shirt posing with her left hand on her hip wearing a red bangle,1
Nastya404.jpg,white lady with light brown hair in a black shirt black leather jacket and blue denim jeans with a bag on the right shoulder in the road of a city,0
nathangilbert1301.jpg,white man in black shirt with brown hair and brown beard with a towel on the neck,1
OlegWilliams1.jpg,woman with a cap and blue tank top eating in front of a window,1
qzvnzwaoytgv11.jpg,woman in a light blue tank top shorts and hair tied up wearig a silver wrist bangle,1
richardgentlesou1.jpg,white man on the sofa with a pug leaning on his face,1
robertson1212.jpg,white man in red hawaiian shirt and shades standing in front of a skyline,1
robertson1214.jpg,white man in a red hawaiian shirt standing infront of the skyline and ocean,1
Sandy1972.jpg,woman in grey shirt standing behind a mountain,0
Sandypat.jpg,woman in green shirt and long blonde hair in a car,0
Sanempineda.jpg,brown woman in sparkly shirt ,0
Sanjeev.jpg,brown man in blue shirt infront of window,0
Sanjuan.jpg,man with grey hair and yellow sunglasses,0
Sanlilizamcru.jpg,woman in long brown hair with green shirt,0
Sanna2022.jpg,woman with brown tied hair with white shirt and red lips,0
SannyP.jpg,brown woman with glasses and white cat,0
Santcler.jpg,"white woman with sunglasses, blonde hair and blue jacket at beach",0
Santi87.jpg,man with black shirt infront of building,0
Santiag0.jpg,man with white shirt hugging girl in pink dress,0
Santiagoz.jpg,bald man in white shirt with necklace and glasses in mall,0
sarayk.jpg,woman smiling with boy infront of curtain,0
sariit20.jpg,blonde woman with sunglasses and red shirt infront of mountain,0
Saul21.jpg,man in brown shirt is sitting down,0
Saulformula.jpg,man with black shirt with phone,0
saulo0288.jpg,man and a young girl smiling happily,0
Saurabh.jpg,man in blue shirt is standing infront of trees and smiling,0
Sayi.jpg,woman with blonde hair and necklace and red shirt,0
Sbruno.jpg,man with black hair infront of stairs,0
Sbuh.jpg,black man with black shirt,0
Scott900.jpg,man with red hoodie and glasses smilling,0
Seanuk.jpg,man with white shirt lying on couch,0
sebdean.jpg,man with white hair and white beard is smiling happily,0
Seladriel.jpg,woman with white hair and black glasses is smiling happily and leaning on her arm,0
SELENITA.jpg,woman with black hair and necklace is looking into the camera,0
Selete.jpg,"woman with white shirt, sunglasses and white shirt at park",0
Selvin.jpg,man with black hair and red collared shirt,0
Sentry123.jpg,man in white shirt and sunglasses is standing infront of a tree,0
Serasavi.jpg,man in black jacket is standing on the sidewalk,0
smithy19671.jpg,man with black short hair in shades and has beard in a navy shirt,1
soldierman2.jpg,white man in military uniform with an inner white shirt and short hair standing in the living room,1
soldierman4.jpg,white man with grey hair and sharp jaw in military uniform sitting in a meeting room,1
staggswilson3.jpg,man in white shirt and sunglasses is sitting in a car,1
SunshinegirlinMA02.jpg,woman is smiling and lying down with her dog,1
SusanRvD.jpg,blonde woman with glasses and blue shirt,0
sweetmatilda0015.jpg,woman in red shirt and white hat is looking into the camera,1
sweetmatilda0018.jpg,woman in black shirt is posing and smiling for the camera,1
sweetnancy1.jpg,woman with black curly hair is looking into the camera,1
sweetokef3.jpg,woman in white shirt and black hair is lying down,1
sweetrussy1.jpg,woman in black shirt and black pants is stretching her leg,1
Swimmer1.jpg,brown man with glasses and grey shirt at park,0
Symadon.jpg,man with black hair and earphones lying on couch,0
Tenderness881.jpg,woman in blonde hair rosy cheeks red lips in a hot pink shirt smiling at the camera,1
Tenderness882.jpg,woman in spagetti tank top showing cleavage with a tied up brown pony tail in a car,1
TEXT27620050781.jpg,woman with brown hair is smiling happily into the camera,1
textme_20689931781.jpg,woman in red dress is standing infront of a table and smiling,1
theoneforyou025.jpg,woman in pink dress is standing infront of shoes,1
victoria24miss5.jpg,woman in white dress is posing for the camera,1
VictoriaP1.jpg,woman in black dress is standing on grass and squatting,1
vivialov1.jpg,woman in yellow blouse with black curly hair smiling,1
walter2251.jpg,old white man with brown hair blue eyes and white moustache,1
Weller1.jpg,woman in black dress and blonde hair is smiling,1
wendy3.jpg,woman in white shirt and blue pants is standing infront of buildings,1
willson4reallove1.jpg,man with green eyes very short hair in a white shirt smouldering with a tattoo right arm,1
willson4reallove3.jpg,man in a white tank top blue jeans sitting on a bench with a tattoo on right arm,1
zarifa21.jpg,muslim woman in a purple and brown hijhab smiling,1
susana1.jpg,white woman with blonde hair and hot pink tank top selfie in bedroom,1
sylvia121.jpg,white woman with large eye selfie closeup to the camera,1
Talia771.jpg,woman with large breast selfie infront of mirror,1
Tam6641.jpg,woman with light hair and make up selfie inside kitchen setting,1
tarm2.jpg,man smiling and  holding victoria secret bag inside a mall,1
Tarry1.jpg,man in suit and tie picture infront of white background,1
Taslim1.jpg,woman with long hair selfie infront of a door,1
tbby14.jpg,woman with short hair selfie in a car,1
teddy1801.jpg,man in police officer uniform blur background,1
Teresa1.jpg,women in white t-shirt with long hair taking picture in living room,1
terry1.jpg,man in blue blouse with slick back hair inside a living room,1
Terryroland5.jpg,black man wearing cap and wired earpiece taking selfie on rooftop,1
theo1.jpg,man taking selfie under a bridge,1
Thomasbowman4.jpg,man in printed logo t-shirt taking picture in a park,1
thomson1.jpg,man with white hair wearing glasses infront of park,1
Tiffanylove5081.jpg,woman in pink blouse with make up smilling,1
timgreen91.jpg,man in blue button up and tie smilling ,1
timm771.jpg,man in lifevest kayaking in river with mountain,1
timothy21.jpg,man with white hair and glasses smiling from roof top of building,1
tinadorin1.jpg,black woman witth thick  curly hair selfie at the pool,1
toddadams1501.jpg,bald man with beard smiling in club like environment,1
tomrodney1.jpg,man with glasses and red blouse inside a room ,1
tracymama4u1.jpg,asian woman with long hair and lots of make up taking selfie inside a car,1
trunion581.jpg,caucasian man wearing black suit taking selfie in office setting,1
tylerbrandon4.jpg,man wearing construction helmet infront of construction site,1
Quarternary.jpg,man in blue blouse and jean selfie infront of mirror,0
Queency.jpg,black woman with curly hair and big lip taking selfie in her room,0
Quevann11.jpg,woman with bright pink lip and flower dress selfie infront of her room door,0
quiant4.jpg,man with logo t-shirt picture taken in living room,0
Quimico.jpg,bald man with white button up take picture in office like setting,0
Quintero.jpg,black man with white t-shirt selfie infront of plain wall,0
Quique79.jpg,bald asian man selfie infront of beach ,0
R9662.jpg,asian man in white cap held thumb up while taking selfie,0
Rachis.jpg,man with beard wearing black t-shirt and cap taking selfie inside a house,0
radiocolquiri.jpg,man with guitar and blur background,0
Radmira.jpg,middle age woman taking selfie in room with red light,0
RAEME.jpg,elderly man in blue tank top selfie on a couch,0
Rafa07.jpg,man with glasses and thick jacket selfie infront of river,0
Rafa0789.jpg,man with beard wearing blue shirt and glasses taking selfie infront plain wall,0
Rafa1985.jpg,man with beard selfie in black and white,0
Rafael68.jpg,man in grey suit picture taken infront of white wall,0
Rafael88.jpg,bald man in white colar shirt selfie inside a room,0
Rafael1973.jpg,ethnic man smilling and taking selfie inside a room,0
Rafaeld22.jpg,man in thick clothing infront of a swimming pool,0
Rafaelhernan.jpg,man with beard and glasses no t-shirt selfie inside a room,0
RafaGA.jpg,man with beard wearing backpack selfie infront of trees,0
Rafagarcia.jpg,man with sunglasses picture taken infront of white wall,0
RafaRice.jpg,half naked white man selfie in bed,0
RafaSanchez.jpg,man with suit and scalf picture taken infront of buildings,0
rafela9.jpg,ethnic woman with make up closeup selfie,0
